id,calories,proteins,fat,carbohydrate,name
1,280,9.2,28.4,0,Abon
2,513,23.7,37,21.3,Abon haruwan
3,0,0,0.2,0,Agar-agar
4,45,1.1,0.4,10.8,Akar tonjong segar
5,37,4.4,0.5,3.8,Aletoge segar
6,85,0.9,6.5,7.7,Alpukat segar
7,96,3.7,0.6,19.1,Ampas kacang hijau
8,414,26.6,18.3,41.3,Ampas Tahu
9,75,4.1,2.1,10.7,Ampas tahu kukus
10,67,5,2.1,8.1,Ampas tahu mentah
11,184,18.8,14,0,Anak sapi daging gemuk segar
12,174,19.6,10,0,Anak sapi daging kurus segar
13,190,19.1,12,0,Anak sapi daging sedang segar
14,99,4.6,1,18,Andaliman segar
15,25,1.6,0.2,5.3,Andewi
16,30,0.5,0.2,6.8,anggur
17,354,16.4,31.5,0,Angsa
18,126,3.4,7.9,10.3,Anyang sayur
19,58,0.3,0.4,14.9,apel
20,57,0.5,0.4,12.8,Apel malang segar
21,37,0.8,0.5,8.3,Arbei
22,113,0.9,7.2,11.2,Ares sayur
23,102,1,0.2,24.1,Arrowroot segar
24,277,2.4,25,10.7,Arwan sirsir
25,75,0.2,1.1,16.1,Asam kandis segar
26,239,2.8,0.6,62.5,Asam masak di pohon
27,135,0.8,0.4,32.1,Asam payak segar
28,261,0.9,1.6,63.3,Asan kandis kering
29,98,3.9,2.6,14.8,Asinan Bogor sayuran
30,302,18.2,25,0,ayam
31,297,35.9,15.2,1.6,Ayam  goreng Kentuckysayap
32,270,32.3,11.2,9.9,Ayam ampela goreng
33,75,13.8,1.9,0.7,Ayam dideh/darah segar
34,295,34,16,1.5,Ayam goreng church texa sayap
35,338,35.2,20.6,0.4,Ayam goreng church texas dada
36,275,37.4,12.2,1.3,Ayam goreng kalasan paha
37,298,34.2,16.8,0.1,Ayam goreng kentucky dada
38,286,32.1,16.1,1.1,Ayam goreng Kentucky paha
39,295,39.2,13.6,1,Ayam goreng mbok berek dada
40,287,31,15.7,1.7,Ayam goreng paha
41,246,37.9,9,0.7,Ayam goreng pasundan dada
42,245,33.1,11.4,0.3,Ayam goreng pasundan paha
43,295,37.4,14.7,0.6,Ayam goreng pioneer dada
44,244,36.7,9.2,1,Ayam goreng sukabumi dada
45,283,35.7,14.3,0.5,Ayam goreng sukabumi paha
46,261,27.4,16.1,1.6,Ayam hati segar
47,264,18.2,20.1,2.7,Ayam taliwang masakan
48,473,45.2,26.3,13.9,Ayam usus goreng
49,113,17.6,4.2,0,Babat
50,453,11.9,45,0,Babi daging gemuk segar
51,371,14.1,35,0,Babi daging kurus segar
52,110,16.3,4.6,0.8,Babi ginjal segar
53,129,19.7,4.8,1.7,Babi hati segar
54,491,24.6,16.3,0.2,Babi hutan masak rica masakan
55,102.9,3.3,2.7,16.3,Bacang
56,450,3.2,13.9,78.1,Bagea kelapa asin
57,452,1.3,13.8,80.6,Bagea kelapa manis
58,529,3.2,29.1,63.6,Bagea kenari asin
59,523,3.2,28.2,64.2,Bagea kenari manis
60,416,6.5,9.4,76.3,Bagea kw 1
61,382,0.3,3.5,87.2,Bagea kw 2
62,129,1.9,6.6,15.6,Baje
63,272,8.7,6.7,44.1,Bakpia kue
64,76,4.1,2.5,9.2,bakso 
65,27,2,0.2,4.2,Bakung segar
66,280,8.2,10.2,39,bakwan
67,13,0.4,0.2,3,Baligo
68,190,3.3,0.3,43.5,Bantal
69,159,3.1,5.8,23.5,Barongko
70,137,4.3,4.8,19.1,Batang Tading
71,107,2.2,2.2,19.6,Batar daan
72,76,1.1,0.9,16,Batatas gembili segar
73,110,1.4,1.1,23.4,Batatas kelapa ubi bakar
74,92,1.2,0.3,21,Batatas kelapa ubi kukus
75,89,1.1,0.1,21,Batatas kelapa ubi segar
76,182,2.4,0.4,42.2,Batatas tali ubi rebus
77,45,1.4,0.2,10.3,Bawang Bombay
78,39,1.5,0.3,0.2,Bawang Merah
79,95,4.5,0.2,23.1,Bawang Putih
80,30,1.3,0.7,5.8,Bayam kukus
81,51,4.6,0.5,10,Bayam Merah
82,41,2.2,0.8,6.3,Bayam merah segar
83,23,1.2,0.6,3.7,Bayam rebus
84,36,3.5,0.5,6.5,Bayam segar
85,102,3.7,6.7,6.9,Bayam tumis + oncom
86,48,1.4,4.2,2.6,Bayam tumis bersantan
87,326,16,28.6,0,Bebek (itik)
88,303,11.3,27,3.7,Bebek alabio daging segar
89,300,24,20.7,4.5,Bebek daging goreng
90,65,1.1,5.2,3.5,Beberuk
91,258,10.6,9.5,32.5,burger
92,151,8.6,3.1,22.3,Beef teriyaki masakan
93,132,9.8,1.1,20.7,Beef yakiniku masakan
94,116,11.9,4.9,6.1,Bekasam
95,78,11.4,2,3.6,Bekasang
96,131,20.2,4.3,2.8,Belibis daging segar
97,36,0.4,0.4,8.8,Belimbing
98,145,1.2,0.4,34.2,Belitung talas kukus
99,417,25.9,19.4,32,Belut goreng
100,70,14.6,0.8,1,Belut segar
101,93,12.8,1.5,6.1,Belutlaut segar
102,55,1.4,0.2,12.8,Bengkuang
103,98,1.6,0.7,20.9,Bentul (Komba)  talas segar
104,71,2.3,0.3,15.4,Bentul talas kukus
105,350,2.7,1.1,82.3,Beras Cerdas
106,364,3.4,0.7,86.3,Beras ganyong
107,360,6.8,0.7,78.9,Beras Giling
108,178,2.1,0.1,40.6,Beras Giling masak (nasi) 
109,357,8.4,1.7,77.1,Beras giling mentah
110,369,9.5,1.4,77.1,Beras giling var pelita mentah
111,357,8.4,1.7,77.1,Beras giling var rojolele mentah
112,351,8,1.3,76.9,Beras hitam mentah
113,358,5.5,0.1,82.7,Beras jagung kuning kering mentah
114,307,4.8,0.1,71.8,Beras jagung putih kering mentah
115,356,7,0.7,78,Beras Ketan Hitam
116,181,4,1.2,37.3,Beras Ketan Hitam kukus
117,166,3.8,1,34.4,Beras Ketan Hitam tape
118,360,8,2.3,74.5,Beras Ketan Hitam tumbuk
119,360,8,2.3,74.5,Beras ketan hitam tumbuk mentah
120,362,6.7,0.7,79.4,Beras Ketan Putih
121,163,3,0.4,35.7,Beras Ketan Putih kukus
122,172,3,0.5,37.5,Beras Ketan Putih tape
123,361,7.4,0.8,78.4,Beras Ketan Putih tumbuk
124,361,7.4,0.8,78.4,Beras ketan putih tumbuk mentah
125,376,7.5,3.8,78,Beras ladang mentah
126,339,7.7,4.4,73,Beras Menir
127,362,7.7,4.4,73,Beras menir mentah
128,359,7.5,0.9,77.6,Beras Merah tumbuk
129,364,6.8,0.6,80.1,Beras Parboiled
130,353,6.8,0.6,80,Beras parboiled
131,335,7.4,1.9,76.2,Beras Pecah Kulit
132,363,7.6,1.1,78.3,Beras Setengah Giling
133,344,1.1,0.2,28.3,Beras Siger
134,354,7.8,0.4,79.9,Beras tumbuk mentah
135,352,7.3,0.9,76.2,Beras tumbuk merah mentah
136,145,16.3,7,4.1,Betok wadi masakan
137,360,4.7,0.1,82.1,Bihun
138,154,3,4.5,25.5,Bihun Goreng 
139,381,6.1,3.9,80.3,Bihun goreng instan
140,354,0.5,0.3,87.4,Bihun Jagung mentah
141,348,4.7,0.1,82.1,Bihun mentah
142,562,21.2,49.6,23.6,Biji Jambu Mete
143,629,21.5,56.6,19.8,Biji Jambu Mete goreng
144,262,2.3,5.4,51.1,Biji nangka/Biji salak
145,199,2.1,1.5,44.4,Bika ambon
146,225.7,3,0.3,52.9,Bika Ambon 
147,48,0.6,0,4.4,Bir (4% alkohol)
148,458,6.9,14.4,75.1,Biskuit
149,42,1.6,0.1,9.6,Bit
150,51,0.3,0.1,12.1,Biwah segar
151,43,2.6,0,11.6,Bonggol Pisang
152,245,3.4,0,66.2,Bonggol Pisang kering
153,119,4.4,3.5,18.3,Bongkrek (tempe bungkil)
154,23,1,0.8,7.2,Boros Kunci
155,22,1,0.3,4.7,Boros Laja (lengkuas)
156,186,11.7,9.7,13,Botok lamtoro
157,249,3.4,0.4,58,Brem
158,400,4,0.7,95.3,Brondong 
159,141,15.3,3.3,12.6,Brongkos
160,23,0.8,0.2,5.2,Buah Atung
161,110,1.4,2.1,21.4,Buah kelenting segar
162,38,1.5,0.2,7.5,Buah kelor
163,264,4,1.1,59.6,Buah kom segar
164,39,0.7,0.2,9.7,Buah Mentega (bisbul)
165,87,2.6,2.7,13.1,Buah merah
166,71,1.7,3.1,9.1,Buah Naga Merah segar
167,56,0.8,1,10.9,Buah Naga Putih segar
168,55,1.2,0.1,12.2,Buah negri segar
169,101,1.7,0.6,25.2,Buah Nona
170,78,0.6,0.3,18.2,Buah rotan segar
171,113,0.8,0.3,26.8,Buah rukam segar
172,29,2.1,0.7,3.6,Buah ruruhi segar
173,67,0.4,0.2,15.9,Buah tuppa segar
174,365,49.6,4.8,30.8,Buaya daging dendeng mentah
175,60,1,60,13,bubur 
176,167,0.2,4,33,Bubur sagu
177,156,2.3,0.2,15.6,Bubur tinotuan (Manado)
178,72,11.4,4.9,1.4,Bulgogi masakan
179,212,16.9,0.2,47.6,Bulung Jajan
180,237,14.7,0.2,56,Bulung Sangu
181,35,2.4,0.2,7.7,Buncis
182,60,5.1,0.5,8.5,Buncis asam
183,30,2.2,0.2,6.4,Buncis rebus
184,45,2.6,0.3,8.1,Bunga pepaya segar
185,42,2,1.1,6.1,Bunga turi segar
186,333,29.3,3.3,50,Bungkil Biji Karet
187,336,37.4,13,30.5,Bungkil Kacang Tanah
188,368,23,15,40,Bungkil Kelapa
189,106,4.4,6.3,7.9,Buntil 
190,141,4.4,10.2,8,Buntil daun talas
191,125.7,3.3,1.9,23.9,Buras 
192,281,37.5,0.3,32.1,Burung sarang segar
193,38,1.6,0.8,6.3,Cabai gembor merah segar
194,26,0.7,0.3,5.2,Cabai hijau segar
195,367,15.9,6.2,61.8,Cabai merah kering
196,36,1,0.3,7.3,Cabai merah segar
197,120,4.7,2.4,19.9,Cabai rawit segar
198,20,1.7,0.4,3.4,Caisin segar
199,155,20.1,3.8,10.2,Cakalang asar (asap papua)
200,323,4.9,11.5,50.1,Cake tape
201,102,3.2,6,8.7,Cammetutu
202,366,11,3.3,73,Cantel mentah
203,97,5.8,6.3,4.2,capcay
204,24,1.9,0.2,3.7,Carica papaya segar
205,460,0.8,18.7,17.2,Cassavastick
206,116,3,0.4,28.6,Cempedak
207,330,5.2,8.9,57.4,Cengkeh kering
208,332,11,3.3,73,Centel
209,462,1.2,20.7,67.7,Ceriping getuk singkong
210,168,13,9.6,7.5,Chicken teriyaki masakan
211,143,9.8,1.4,22.8,Chikiniku masakan
212,311,8,4,48.9,Coklat bubuk
213,472,2,29.8,62.7,Coklat Manis batang
214,504,5.5,52.9,29.2,Coklat Pahit batang
215,381,9,35,53.6,Coklat Susu batang
216,210,1.6,6.6,35.8,Combro 
217,241,16,25,0,Corned Beef
218,96,6.8,5.9,3.8,Coto mangkasara kuda masakan
219,84,6,6,1.4,Coto mangkasara sapi masakan
220,145,27,2.3,0,Cue Selar Kuning
221,12,0.1,0.1,5,Cuka
222,265,40.6,10.1,0,cumi
223,75,16.1,0.7,0.1,Cumi-cumi segar
224,190,19.1,12,0,Daging Anak Sapi
225,191,32,6,0,Daging Asap
226,457,11.6,45,0,Daging Babi Gemuk
227,376,14.1,35,0,Daging Babi Kurus
228,206,17.1,14.8,0,Daging Domba
229,154,16.6,9.2,0,Daging Kambing
230,84,18.7,0.5,0,Daging Kerbau
231,118,18.1,4.1,0.9,Daging Kuda
232,207,18.8,14,0,Daging Sapi
233,27,1.3,0.6,4,Daun bangun-bangun segar
234,29,1.8,0.7,5.2,Daun Bawang
235,41,2,0.3,7.8,Daun bawang  merah segar
236,41,2.7,1,7.3,Daun bebuas segar
237,50,4.4,1.4,7.8,Daun belem segar
238,42,1.8,0.5,9.4,Daun Beluntas
239,122,6,1,26,Daun Cincau
240,60,3.1,0.3,14,Daun Gandaria
241,58,2.9,0.7,10,Daun gedi besar segar
242,30,1.3,0.7,5.8,Daun gelang segar
243,50,4.6,0.9,7,Daun gunda bali segar
244,62,4.2,0.9,9.2,Daun gunda serang segar
245,73,4.6,0.5,16.2,Daun Jambu Mete muda
246,34,3.8,0.5,5.3,Daun jampang segar
247,93,5,1.3,15.3,Daun jawaw seluang segar
248,27,2.1,0.7,4.4,Daun jonghe segar
249,36,2.9,0.6,6.8,Daun kacang ma segar
250,34,4.1,0.4,5.8,Daun Kacang Panjang
251,40,3.7,0.3,8,Daun Kacang Panjang kukus
252,30,3.1,0.3,5.8,Daun kacang panjang segar
253,92,4,3.6,10.9,Daun kasbi/singkong karet segar
254,59,4.8,1,11,Daun Katuk
255,53,5.3,0.9,9.1,Daun katuk rebus
256,59,6.4,1,9.9,Daun katuk segar
257,47,5,0.5,8.5,Daun Kecipir
258,59,2.8,0.3,13.4,Daun Kedondong
259,82,6.7,1.7,14.3,Daun Kelor
260,61,6.1,0.9,10,Daun Kelor rebus
261,46,4,0.5,8.9,Daun Kemangi
262,45,3.7,0.5,6.6,Daun kenikir segar
263,48,4.5,0.8,9.1,Daun kesum segar
264,22,2.1,0.5,3.6,Daun kol sawi segar
265,23,3,0.3,3.7,Daun Koro
266,51,2.5,1.1,8,Daun kubis segar
267,14,1.3,0.3,2.3,Daun Kumak
268,60,4,0.4,4.7,Daun Labu Siam
269,30,3.6,0.6,4.5,Daun Labu Waluh
270,87,8.3,1.8,14.4,Daun lamtoro segar
271,76,2.8,0.2,15.8,Daun leilem segar
272,45,4.7,0.5,8.1,Daun Leunca
273,30,2.3,0.4,5.8,Daun Lobak
274,40,3,0.8,7.4,Daun Lompong Tales
275,54,3.7,0.3,11.8,Daun Mangkokan
276,71,6.8,1.6,11.5,Daun matel ambon segar
277,99,5,1.3,21.3,Daun Melinjo
278,63,3.8,1.5,11.5,Daun Mengkudu Kukus
279,166,1.7,0.5,38.8,Daun ndusuk segar
280,22,1,0.1,5.3,Daun Oyong
281,22,1,0.1,5.3,Daun oyong segar
282,35,4,0.3,6.4,Daun Pakis
283,54,2.2,3.6,3.1,Daun pakis longgiho segar
284,39,4.5,0.4,6.9,Daun pakis segar
285,53,3.4,1.2,7.2,Daun pakis wambateu segar
286,29,3.4,0.1,6.5,Daun paku segar
287,104,3.9,0.6,17.9,Daun pangisegar
288,49,2.7,1,8.4,Daun pare segar
289,87,8,2,11.9,Daun pepaya segar
290,128,12,6.5,12.4,Daun Pete Cina
291,37,2.5,0.8,6.9,Daun Poh-pohan
292,301,14.2,10.9,49,Daun salam  bubuk
293,62,4,0.5,10.5,Daun selasih segar
294,45,4.4,8,0.5,Daun Semanggi
295,45,4.4,0.5,8.5,Daun semanggi segar
296,53,3.2,2.5,7.6,Daun simpur segar
297,68,2,1,15.2,Daun singkil segar
298,73,6.8,1.2,13,Daun Singkong
299,144,12.7,1.2,25.2,Daun singkong ambon segar
300,50,6.2,1.1,7.1,Daun singkong ampenan segar
301,74,6.3,0.7,10.7,Daun singkong kopang segar
302,55,4,0.5,8.5,Daun Singkong lodeh
303,31,3.7,0.6,4.8,Daun Singkong rebus
304,50,6.2,1.1,7.1,Daun singkong segar
305,36,2.6,0.9,6.1,Daun Sintrong
306,27,1.3,0.2,5.9,Daun talas rebus
307,59,3,0.4,13.5,Daun talas segar
308,71,4.1,2.1,12.3,Daun Tales
309,27,1.3,0.2,5.9,Daun Tales rebus
310,70,2.9,0.3,13.9,Daun tespong segar
311,47,2.8,0.4,10.4,Daun Ubi Jalar
312,56,3.1,0.3,13,Daun Ubi Jalar kukus
313,62,3.7,0.3,11.1,Daun ubi kuning segar
314,56,3.1,0.3,13,Daun ubi merah kukus
315,48,3,0.3,10.8,Daun ubi merah segar
316,46,2.8,0.2,8.2,Daun ubi putih segar
317,55,1.7,0.1,11.9,Daun ubi tinta segar
318,260,2,15,53,Deblo 
319,382,55.7,14.1,8,Dendeng belut goreng
320,433,55,9,0,Dendeng Daging Sapi
321,598,74.3,26.9,9.2,Dendeng mujahir goreng
322,77,13.8,1.9,0.7,Dideh darah ayam
323,104,21.9,1.1,0,Dideh darah sapi
324,248,10,2.3,40.9,Djibokum masakan
325,395,3,5.7,81.2,Dodol
326,298,3.7,2.1,65.9,Dodol bali
327,368,2.6,8.6,70,Dodol banjarmasin
328,348,0.4,3.8,76.1,Dodol galamai
329,331,1.9,7.6,63.8,Dodol kedondong
330,373,4.3,16.5,51.9,Dodol manado
331,17.5,3.3,2.3,39.5,Dodonkol 
332,317,15.7,27.7,0,Domba daging gemuk segar
333,202,17.1,14.8,0,Domba daging kurus  segar
334,100,16.6,3.3,1,Domba ginjal segar
335,63,1,0.2,16.1,Duku
336,134,2.5,3,28,durian
337,80,0.5,0.6,18.2,Duwet segar
338,18,1,0.2,3.8,Eceng Gondok
339,98,1.4,0.2,25.4,Embacang
340,248,36.2,6.9,10.1,Empal (daging) Goreng masakan
341,590,18.5,57,0,Empal Goreng
342,345,12,1.5,71.5,Emping (kerupuk melinjo)
343,403,10.6,2.2,85.3,Emping beras
344,355,17.8,4.6,60.7,Emping komak
345,122,3.5,4.5,17.5,Encung asam segar
346,538,13.6,30.3,52.6,Enting-enting gepuk hello kity
347,524,13.3,29.2,52,Enting-enting gepuk kacang tanah
348,565,18.2,38.4,36.8,Enting-enting wijen
349,70,0.6,0,18.9,Erbis
350,210,4,12.5,20.6,es krim
351,156.7,3,1.7,32.7,Es Krim (Coconut milk) 
352,152,0,0,37.6,Es Mambo 
353,44.8,0,0,11.3,Es Sirup 
354,270,12.3,15.9,19.3,Fillet o-fish
355,322,2.4,0.6,76.6,Gadeng/Gadung kering
356,137,6.1,3.2,21,Gado-gado
357,88,0.8,0.3,20.9,Gadung kukus
358,101,2.1,0.2,23.2,Gadung mentah
359,88,0.6,0.3,20.9,Gadung ubi kukus
360,100,0.9,0.3,23.5,Gadung ubi segar
361,18,0.8,0.2,4.1,Gambas (Oyong)
362,13,0.3,0.6,1.6,Gambas lodeh
363,68,0.7,0.1,18,Gandaria
364,100,0.8,0.2,23.8,Ganyong kukus
365,95,1,0.1,22.6,Ganyong mentah
366,100,0.8,0.2,23.8,Ganyong rebus
367,77,0.6,0.2,18.4,Ganyong segar
368,338,1.5,0.7,81.3,Gaplek
369,191,4.5,1.5,39.7,Gatep segar
370,347,1.3,0.7,83.8,Gatot
371,195,0.4,1.7,44.4,Geblek
372,389,0,0,91,Gelatine
373,95,1.5,0.1,22.4,Gembili
374,131,1.1,0.2,31.3,Gembili ubi segar
375,274,1.7,5.4,55.5,Gemblong
376,407,6.4,28.2,32,Gendar goreng
377,35,1.7,0.2,7.7,Genjer segar
378,350,1.4,14.4,53.6,Geplak
379,462,3.1,24.4,57.7,Geplak jahe
380,75,8.2,2,6,Gete kuah asam masakan
381,360,1.3,6.4,74.3,Getuk goreng
382,171.4,4,4,32,Getuk Lindri 
383,144,1.1,0.4,34.1,Getuk pisang
384,204,0.5,1.4,47.4,Getuk singkong
385,114,16.3,4.6,0.8,Ginjal Babi
386,105,16.6,3.3,1,Ginjal Domba
387,141,15,8.1,0.9,Ginjal Sapi
388,53,1.6,1.6,8.8,gudeg 
389,160,3.3,9.2,16,Gudeg sayur
390,368,0,0,95,Gula Aren
391,386,3,10,76,Gula Kelapa
392,356,0.4,0.5,90.6,Gula Merah Tebu belum dimurnikan
393,394,0,0,94,Gula putih
394,52,10,0.5,1.8,Gulai asam keueung masakan
395,106,16.5,3.3,2.5,Gulai ikan masakan
396,148,10,9.8,5,Gulai ikan paya masakan
397,126,4.2,9.4,6.2,Gulai kambing
398,110,5.9,8.2,3.2,Gulai keumamah masakan
399,143,4,11.4,6,Gulai pakis
400,176,7.3,14.9,3.2,Gulai pliek
401,132,9,7.2,7.8,Gulai tiram masakan
402,192,12.7,10.1,12.7,Gurame asem manis masakan
403,218,0.5,2.5,48.5,Gurandil
404,389,16.9,35,0.3,Ham
405,65,10,1,3.5,Hangop
406,134,19.7,4.8,1.7,Hati Babi
407,136,19.7,3.2,6,Hati Sapi
408,390,14.2,7.4,68.2,Havermout
409,127,1.2,0.5,29.5,Hofa/Ubi hutan segar
410,146,17.7,5.9,5.6,Ikan asar merah masakan
411,380,33.6,27.5,0,Ikan Asin bilis goreng
412,456,46.5,24.4,0,Ikan Asin gabus goreng
413,348,18.7,29.5,0,Ikan Asin japuh goreng
414,193,42,1.5,0,Ikan Asin kering
415,430,58.2,23.6,0,Ikan Asin pari goreng
416,652,40.4,54.3,0,Ikan Asin pepetek goreng
417,319,6.9,31.7,0,Ikan Asin sirinding goreng
418,430,33.4,32.4,0,Ikan Asin teri goreng
419,198,19,13,0,Ikan Bader (Tawes)
420,107,16.5,3.9,1.5,Ikan balong segar
421,112,20,1.3,3.7,Ikan bambangan segar
422,129,20,4.8,0,Ikan Bandeng
423,296,17.1,20.3,11.3,Ikan bandeng presto masakan
424,111,19.4,0.9,4.8,Ikan banjar segar
425,78,14.5,0.6,3.7,Ikan baronang segar
426,144,17.8,5.8,5.2,Ikan baung bakar
427,123,15.1,5.5,3.3,Ikan baung segar
428,96,19,1.7,0,Ikan Bawal
429,138,14,0.7,7.4,Ikan Bekasang
430,128,18,3,7.2,Ikan Belida bakar
431,80,14.7,1.4,2.2,Ikan Belida segar
432,417,25.9,19.4,32,Ikan Belut Segar goreng
433,82,6.7,1,10.9,Ikan Belut Segar mentah
434,66,14,0,0,Ikan Beunteur
435,90,14.9,2.5,2.1,Ikan biawan segar
436,88,14.2,0.7,6.2,Ikan bili segar
437,100,14.7,2.4,4.9,Ikan bubara segar
438,134,25.5,1.3,5,Ikan bulan-bulan segar
439,204,34.2,5.6,1.9,Ikan cakalang asap mentah
440,198,36.5,2.2,5.5,Ikan cakalang asin mentah
441,120,11.3,3.9,10,Ikan cakalang hati segar
442,116,11.2,1.2,10.2,Ikan cakalang jantung segar
443,86,10.2,1.1,8.7,Ikan cakalang perut segar
444,107,19.6,0.7,5.5,Ikan cakalang segar
445,81,11.4,1.9,3.8,Ikan calo/ peda mentah
446,101,11.5,4.1,4.6,Ikan daun segar
447,109,17,4,0,Ikan Ekor Kuning
448,261,38.1,2.3,21.9,Ikan Gabus asap mentah
449,292,58,4,0,Ikan Gabus kering
450,74,25.2,1.7,0,Ikan Gabus segar
451,267,23.1,19.4,0.2,Ikan gete goreng
452,101,10.3,3.7,6.7,Ikan hitam segar
453,298,46.3,3.6,20.2,Ikan hiu kering
454,57,10.7,0.3,2.2,Ikan hiu segar
455,77,15.6,0.9,1.6,Ikan kacangan segar
456,92,20,0.7,0,Ikan kakap segar
457,82,11.4,1.2,6.4,Ikan kakatua segar
458,132,17,6.7,0.8,Ikan kapar segar
459,162,31.7,2.8,0.3,Ikan katombo asin
460,110,12.6,4.2,5.4,Ikan kawalinya segar
461,302,70.7,1.9,0.4,Ikan kayu kering
462,103,22,1,0,Ikan Kembung
463,70,10.8,0.7,5.2,Ikan kima segar
464,147,17.5,6.5,5.4,Ikan Lais bakar
465,109,22,1.7,0,Ikan Layang
466,82,18,1,0.4,Ikan layur segar
467,90,20.4,0.9,0,Ikan lehoma segar
468,252,19.9,19.1,0,lele goreng
469,112,20,3,0,Ikan Lemuru
470,104,15.6,3.2,2,Ikan lidah segar
471,258,40.3,2.3,18.9,Ikan lomak asin mentah
472,99,20.6,1.4,0.9,Ikan malalugis segar
473,86,16,2,0,Ikan Mas
474,188,19.3,12.2,0,ikan goreng
475,209,15.2,11.3,11.8,Ikan Mas pepes
476,97,17.9,2,0.4,Ikan mayong segar
477,598,74.3,26.9,9.2,Ikan Mujair dendeng goreng
478,582,68.3,15.2,37.2,Ikan Mujair dendeng mentah
479,416,46.9,23.9,0,Ikan Mujair goreng
480,121,21.7,2.8,0.8,Ikan Mujair pepes
481,89,18.7,1,0,Ikan Mujair segar
482,154,16.8,5,10.5,Ikan nasu metti segar
483,125,21.3,3.4,2.2,Ikan oci kembung segar
484,152,17.6,6.1,6.7,Ikan Papuyu bakar
485,120,14.3,4.9,4.6,Ikan papuyu/ betok segar
486,144,17.5,6.3,4.3,Ikan Patin bakar
487,132,17,6.6,1.1,Ikan Patin segar
488,156,28,4,2,Ikan peda banjar mentah
489,176,32,4.4,0,Ikan Pepetek
490,157,28,4.2,1.8,Ikan Pindang banjar mentah
491,170,31,4.2,0,Ikan Pindang benggol mentah
492,153,30,2.8,0,Ikan Pindang layang mentah
493,142,27,3,0,Ikan Pindang selar mentah
494,415,61.3,17.6,2.9,Ikan sale lais mentah
495,534,40.2,39.3,4.9,Ikan Sale segar
496,284,34.1,9.9,14.6,Ikan saluang kering mentah
497,113,13.9,4.9,3.4,Ikan saluang segar
498,240,21.7,7.7,20.7,Ikan sanggang masakan
499,109,19.9,1.8,3.4,Ikan sarden segar
500,113,17,4.5,0,Ikan Segar
501,194,38,3.5,0,Ikan Selar kering
502,138,27,3.3,0,Ikan selar kuning cue mentah
503,100,18.8,2.2,0,Ikan selar segar
504,289,38,14,0,Ikan Sepat kering
505,84,15.2,0.6,4.7,Ikan sepat segar
506,81,11.4,1.9,3.8,Ikan sidat segar
507,199,34.1,3.8,7.1,Ikan sunu asin mentah
508,111,13.3,3.4,6.7,Ikan sunu segar
509,88,15.9,0.9,4.1,Ikan tahuman segar
510,96,19.5,1.1,2,Ikan tarmon segar
511,95,15.8,0.7,6.5,Ikan telan segar
512,358,20.7,26.4,9.4,Ikan telur asin mentah
513,204,16,15,0,Ikan Tembang
514,101,15.1,4.1,1,Ikan tempahas segar
515,316,60.1,6.5,22.4,Ikan tepung mentah
516,98,19.6,1.7,1,Ikan terbang segar
517,277,60,2.3,1.8,Ikan Teri bubuk
518,170,33.4,3,0,Ikan Teri kering
519,331,68.7,4.2,0,Ikan Teri Kering tawar
520,144,32.5,0.6,0,Ikan Teri Nasi kering
521,74,10.3,1.4,4.1,Ikan teri segar
522,347,48.8,6.4,19.6,Ikan Teri tepung
523,82,17.4,0.4,2.3,Ikan titang segar
524,100,13.7,1.5,8,Ikan tongkol segar
525,96,19.2,2,0.2,Ikan turi segar
526,474,7.6,21.6,62.3,Intip goreng
527,496,30.3,33.5,18.4,Itik alabio daging dendeng mentah
528,156,2.7,1.3,33.3,Jagung grontol
529,361,8.7,4.5,72.4,Jagung Kuning giling
530,129,4.1,1.3,30.3,Jagung Kuning muda
531,307,7.9,3.4,63.6,Jagung Kuning pipil baru
532,366,9.8,7.3,69.1,Jagung kuning pipil kering mentah
533,355,9.2,3.9,73.7,Jagung Kuning pipil lama
534,154,3.8,3.5,28.4,Jagung kuning pipil rebus
535,140,4.7,1.3,33.1,Jagung Kuning segar
536,355,9.2,3.9,73.7,Jagung kuning tepung
537,35,2.2,0.1,7.4,Jagung muda
538,147,5.1,0.7,31.5,Jagung muda kuning mentah
539,142,5,0.7,30.3,Jagung muda rebus
540,367,6.2,5.1,76.2,Jagung pipil var. harapan kering
541,368,5.5,4.6,78,Jagung pipil var. metro kering
542,361,8.7,4.5,72.4,Jagung Putih giling
543,129,4.1,1.3,30.3,Jagung Putih muda
544,307,7.9,3.4,63.6,Jagung Putih pipil baru
545,355,9.2,3.9,73.7,Jagung Putih pipil lama
546,140,4.7,1.3,33.1,Jagung Putih segar
547,175,1.8,1.8,35,Jagung Rebus 
548,148.9,10.4,10.4,20.1,Jagung Sayur (tumis) 
549,374,9.4,2.2,79.1,Jagung titi
550,51,1.5,1,10.1,Jahe
551,289,11,4,61,Jali
552,239,0.5,0.6,64.5,Jam selai
553,286,48.5,9.2,2.3,Jambal goreng
554,46,0.6,0,11.8,Jambu Air
555,49,0.9,0.3,12.2,Jambu Biji
556,61,0.9,0.3,15.4,Jambu biji putih tidak berbiji
557,56,0.6,0.3,14.2,Jambu Bol
558,64,0.7,0.6,15.8,Jambu Monyet buah
559,350,6.2,1.4,78.2,Jampang huma mentah
560,45,2.5,3.9,0,Jamur Coklat (kulat siau)
561,296,9.4,1.1,62,Jamur encik
562,294,16,0.9,64.6,Jamur kuping kering
563,21,3.8,0.6,0.9,Jamur kuping segar
564,30,3.5,0.2,4,Jamur merang segar
565,48,2.8,4.1,2.9,Jamur Putih (kulat putih)
566,48,1.9,3.2,2.8,Jamur sagu
567,30,1.9,0.1,5.5,Jamur tiram segar
568,107,5.3,2.2,16.5,Jangang bintatoeng masakan
569,31,1.2,0.3,7.1,Jantung Pisang segar
570,500,1.2,25.1,67.3,Japilus
571,48,2.5,4.2,0,Jaruk Tigarun
572,334,9.7,3.5,73.4,Jawawut
573,381.7,9.5,9.5,65.8,Jenang 
574,192,5.4,0.3,40.7,Jengkol segar
575,48,0.6,0.2,12.4,Jeruk Bali
576,61,0.8,0.2,14.1,Jeruk banjar segar
577,44,0.8,0.3,10.9,Jeruk Garut
578,39,0.3,0.3,8.9,Jeruk Kalamansi segar
579,45,0.9,0.2,11.2,jeruk
580,37,0.8,0.1,12.3,Jeruk Nipis
581,49,0.7,0.2,11.1,Jeruk ragi segar
582,32,1.9,0.3,7.1,Jotang
583,15,15.2,4.3,8.8,Jukku pallu kaloa masakan
584,130,6.7,0.3,25.2,Kabau segar
585,133,1,0.2,32.2,Kaburan ubi segar
586,250,2.6,2.5,35.4,Kabuto
587,356,20.5,4.1,61.6,kacang
588,330,23.8,1.4,60.2,Kacang Arab
589,533,27.8,38.1,28.8,Kacang atom
590,341,30.4,3.2,51.3,Kacang babi kering
591,400,34.4,16.9,34.1,Kacang belimbing (kecipir) kering
592,204,16.9,8.8,17.5,Kacang Belimbing rebus
593,212,17.5,10,12.9,Kacang Belimbing tempe
594,118,4.4,1.5,21.6,Kacang beracun segar
595,479,12.7,23.2,58.9,Kacang Bogor goreng
596,370,16,6,65,Kacang bogor kering
597,161,7.7,2.8,27.1,Kacang Bogor rebus
598,165,7.7,3.1,27.4,Kacang bogor segar
599,331,25,1,58,Kacang Endel biji
600,129,12.4,0.7,18.3,Kacang ercis segar
601,336,23.1,1.7,59.5,kacang galing segar
602,516,14.7,31.1,44.4,Kacang goyang
603,336,20.7,1.4,62,Kacang Gude biji
604,316,20.7,1,58,Kacang gude biji kering
605,114,7,0.6,20.8,Kacang Gude biji muda
606,123,8.4,0.6,1.8,Kacang Gude muda
607,147,9,0.5,27.5,Kacang gude rebus
608,323,22.9,1.5,56.8,Kacang hijau kering
609,109,8.7,0.5,18.3,kacang hijau rebus
610,350,17.1,1.8,70.7,Kacang hijau var. bakti kering
611,339,20.8,2.1,64.6,Kacang hijau var. siwalik kering
612,346,16.6,1.7,66.1,Kacang hitam kering
613,345,22.2,1.2,62.9,Kacang Ijo
614,445,11,11,65.5,Kacang Kapri Goreng 
615,98,6.7,0.4,17.7,Kacang Kapri muda
616,286,30.2,15.6,30.1,Kacang Kedelai basah
617,521,32.2,37.7,22.9,Kacang kedelai goreng
618,381,40.4,16.7,24.9,Kacang kedelai kering
619,75,4.1,2.1,10.7,Kacang Kedelai kukus
620,189,20.2,8.2,12.7,Kacang kedelai rebus
621,286,30.2,15.6,30.1,Kacang kedelai segar
622,327,16.4,4.3,55.8,Kacang komak segar
623,355,17,2.5,66,Kacang kuning kering
624,346,16.5,1.5,66.6,Kacang lebui /iris kering
625,22,1.1,1,3.4,Kacang mekah polong segar
626,344,16.7,2.1,64.6,Kacang mentega kering
627,336,23.1,1.7,59.5,Kacang Merah
628,350,13.9,3,66.9,Kacang merah /banda kering
629,314,22.1,1.1,56.2,Kacang merah kering
630,158,10.3,0.9,28.2,Kacang Merah kering rebus
631,171,11,2.2,28,Kacang merah segar
632,144,10,1,24.7,Kacang Merah segar rebus
633,280,16.7,1.6,63.2,Kacang merah tua kering
634,629,20.4,56.3,19.8,Kacang mete/biji jambu monyet goreng
635,616,16.3,48.4,28.7,Kacang mete/biji jambu monyet segar
636,480,18.4,19.1,58.5,Kacang negara
637,44,2.7,0.3,7.8,Kacang Panjang
638,357,17.3,1.5,70,Kacang Panjang biji
639,39,3,0.6,7.6,Kacang Panjang kukus
640,150,2.5,12.5,7,Kacang Panjang tumis
641,37,3.1,0.2,7.9,Kacang ranti polong
642,484,8.8,26.1,57.7,Kacang sukro
643,488,25.6,25.6,59.6,Kacang Sukro Putih 
644,535,27.8,38.1,28.8,Kacang Tanah atom
645,564,25.5,44.4,25.5,Kacang tanah goreng
646,561,25.5,43.8,26,Kacang Tanah kacang sari
647,525,27.9,42.7,17.4,Kacang tanah kering
648,385,14,31,13,Kacang Tanah Rebus 
649,360,13.5,31.2,12.8,Kacang Tanah rebus berkulit
650,513,17.5,32.5,44.3,Kacang Tanah rempeyek
651,569,28.8,48.4,15.8,Kacang Tanah sangan berselaput
652,559,26.9,44.2,23.6,Kacang tanah sangan tanpa selaput
653,561,25.5,43.8,26,Kacang tanah sari
654,748,20.8,20.8,124.8,Kacang Telur 
655,331,24.4,1.9,56.6,Kacang tolo / tunggak kering
656,138,10.7,1.1,22.6,Kacang tolo rebus
657,342,22.9,1.4,61.6,Kacang Tunggak (tolo)
658,138,10.7,1.1,22.6,Kacang Tunggak rebus
659,451,11.2,20.2,59.7,Kacang Tunggak rempeyek
660,351,12.2,1.2,72.9,Kacang tunis kering
661,358,23.4,2.4,60.6,Kacang uci kering
662,354,12.8,1.8,69.3,Kacang urei kering
663,110,4.5,6.9,7.1,Kadada katembe
664,413,28.7,19.8,29.8,Kaholeo masakan
665,92,20,0.7,0,Kakap
666,66,2.8,6.8,3.4,Kalakai
667,163,16.5,9,4.1,Kalio jeroan masakan
668,122,13.8,5.7,3.9,Kalio kikil (tunjang) masakan
669,157,8.1,8.8,11.4,Kalio otak masakan
670,193,10.6,12.4,9.7,Kalio telur masakan
671,149,16.6,9.2,0,Kambing daging segar
672,164,3,2.4,32.6,Kambose
673,29,3,0.3,5.4,Kangkung
674,30,3.2,0.7,4.7,Kangkung kukus
675,22,2.5,0.6,3.1,Kangkung rebus
676,43,1.8,0.2,8.4,Kangkung tondano
677,52,1.8,3.6,3,Kangkung tumis
678,38,2.4,2,2.6,Kaparende sayur
679,42,3.3,0.2,9.6,Kapri Muda
680,41,2,0.3,7.8,Kapurung
681,158,4.4,3.2,27.8,Kapusa
682,25,2.3,0.2,3.5,Karawila
683,146.7,5.9,5.9,19.7,Karedok 
684,92,2.2,3.3,14.1,Karedok sayur
685,292,11.2,11.2,2.8,Karoket 
686,73,16.4,0.3,0,Katak
687,275,12.6,14.8,54.6,Katul Beras
688,356,9,8.5,64.5,Katul Jagung
689,120,3.5,2.5,20.8,Kawista segar
690,46,5.7,1.3,9,Kecap
691,464,1.2,18.6,73,Kecimpring singkong goreng
692,405,32.8,17,36.5,Kecipir biji
693,35,2.9,0.2,0.8,Kecipir buah muda
694,32,2.9,0.2,5.8,Kecipir muda segar
695,34,0.9,1,6.7,Kecombrang segar
696,47,0.5,0.2,10.4,Kedondong segar 
697,326,22.8,20.3,13.1,Keju
698,590,27,49,20.9,Keju Kacang Tanah
699,623,2,52.1,36.5,Kelapa hutan kering
700,17,0.2,0.1,3.8,Kelapa Muda air
701,68,1,0.9,14,Kelapa Muda daging
702,180,4,15,10,Kelapa Setengah Tua daging
703,359,3.4,34.7,14,Kelapa Tua daging
704,214,5.4,5.4,40.2,Kelepon 
705,111,1.5,0.3,27.2,Kelewih
706,142,16.9,7.8,0,Kelinci daging segar
707,48,1,0.2,11.9,Kemang
708,380,48.9,13.8,23.3,Kembang tahu
709,44,1.8,0.6,9.6,Kembang Turi
710,636,19,63,8,Kemiri
711,657,15,66,13,Kenari
712,616,13.9,56.2,13.7,Kenari banda kering
713,83,2,0.1,19.1,kentang
714,142,0.9,0.4,33.7,Kentang Hitam
715,64,12,1,2,Keong
716,204,2.6,20,4,Kepala Susu (Krim)
717,151,13.8,3.8,14.1,Kepiting
718,59,18,1.1,3.6,Kerang
719,393,38.9,13.3,29.4,Kerang asap mentah
720,357,41.1,10,25.6,Kerang dendeng mentah
721,79,18.7,0.5,0,Kerbau daging segar
722,475,1.6,25.5,64.4,Keremes
723,137,1.3,1.1,29.8,Keribang ubi segar
724,586,4.9,40.6,50.2,Keripik bayam
725,446,2.8,14.5,76,Keripik gadung
726,448,2.7,18.8,67.1,Keripik kentang
727,485,1.7,22.2,69.7,Keripik lampung
728,598,8.3,43.8,42.6,Keripik oncom
729,478,0.9,20.7,72,Keripik singkong
730,481,2.2,19.7,73.6,Keripik singkong berbumbu
731,581,12.1,40.6,41.7,Keripik tempe
732,542,40.3,42.4,11.6,Keripik tempe abadi murni
733,510,12.3,27.9,52.4,Keripik tempe abadi sedang
734,529,20.8,31.7,40.2,Keripik tempe abadi telur
735,486,0.2,23.9,67.6,Keripik ubi
736,26,1.7,0.4,3.8,Kerokot segar
737,350,0.5,0.2,85.9,kerupuk
738,444,6.9,14.6,71.3,Kerupuk cumi goreng
739,342,16,0.4,65.6,Kerupuk Ikan berpati
740,325,1.8,0.4,78.5,Kerupuk kemplang  (ikan) mentah
741,504,5.6,28.1,57.1,Kerupuk kemplang goreng
742,356,9.7,1.1,76.9,Kerupuk kemplang panggang
743,422,83,4,0,Kerupuk Kulit kerbau
744,345,12,1.5,71.5,Kerupuk Melinjo mentah
745,431,11.1,16.2,63,Kerupuk Melinjo tebal goreng asin
746,439,10,16.4,65.7,Kerupuk Melinjo tebal goreng manis
747,485,11.5,24.5,59.1,Kerupuk Melinjo tipis goreng
748,476,0.1,21.1,71.3,Kerupuk mie kuning goreng
749,46.7,17.3,17.3,81.3,Kerupuk Sayong 
750,340,30,30,52,Kerupuk Udang 
751,359,17.2,68.2,332,Kerupuk Udang berpati
752,477,4.7,20.5,68.5,Kerupuk udang goreng
753,588,53.7,40.9,1.2,Kerupuk urat
754,78,0.8,0.4,20,Kesemek
755,181,4,1.2,37.3,Ketan hitam matang
756,163,3,0.4,35.7,Ketan putih matang
757,340,11,11,54,Ketapang 
758,157,0.8,0.3,37.9,Ketela Pohon Kuning
759,154,1,0.3,36.8,Ketela singkong segar
760,153,1.2,0.3,36.4,Ketela pohon/singkong kukus
761,12,0.7,0.1,2.7,Ketimun
762,9,0.5,0.1,1.9,Ketimun madura segar
763,153,7.9,7.7,13,Ketoprak
764,404,14.1,16.1,54.2,Ketumbar
765,212,4,4.6,38.6,Ketupat ketan
766,109.6,2.6,2.6,18.6,Ketupat Tahu 
767,310,10,24,13.5,Kluwek
768,73,16.4,0.3,0,Kodok segar
769,86,1.6,0.2,13,Kokosan
770,99,3.3,0.1,21.2,Komak polong segar
771,25,2.4,0.2,4.9,Kool Kembang
772,24,1.4,0.2,5.3,Kool Merah kool putih
773,352,17.4,1.3,69,Kopi bagian yang larut
774,129,12.3,0.5,35,kopi
775,356,20.5,4.1,61.6,Koro andong kering
776,332,24,3,55,Koro Benguk biji
777,141,10.2,1.3,23.2,Koro Benguk tempe
778,125,8.3,0.7,22.1,Koro Kerupuk biji
779,33,2.7,0.2,7.9,Koro Loke biji
780,344,12.5,2.1,69.4,Koro Roway biji
781,338,22.2,1.5,61,Koro Wedus biji
782,38,3,0.3,7.9,Koro Wedus buah muda
783,46,3,0.3,7.9,Koro wedus polong
784,46,2.2,1.5,6,Kotiu hinela tawang nggole
785,366,4.2,4.3,77.5,Koya
786,370,8,1,82.2,Koya mirasa
787,315,2.1,1.4,73.5,Kranji segar
788,542,40.3,42.4,11.5,Kripik Tempe Goreng 
789,21,1.7,0.4,3.8,Krokot
790,45,2.2,0.3,10.3,Kucai
791,42,3.8,0.6,7.8,Kucai Muda (Lokio)
792,113,18.1,4.1,0.9,Kuda daging segar
793,440,3.8,18.5,64.5,Kue ali
794,186.7,1.6,1.6,39.6,Kue Apem 
795,338,1.5,1.2,80.3,Kue bangket
796,240,1,4,54,Kue Bugis 
797,425,1.6,8.8,84.6,Kue jahe
798,591,5.6,42.1,47.5,Kue kelapa
799,366,4.2,4.3,7.9,Kue Koya 
800,291,3.6,11.1,44.1,Kue lumpur
801,182,1,1,40.4,Kue mangkok 
802,126.7,0.7,0.7,57.3,Kue Pacar Cina 
803,296,1.4,1.4,66.4,Kue Pia 
804,304,5.3,7,54.9,Kue putu cangkir
805,217,1.2,0.5,53.2,Kue putu singkong
806,393.3,2.7,2.7,79.3,Kue Satu 
807,380,1,1,92,Kue Semprong 
808,221,7.5,10.2,24.8,Kue sus
809,180,5,5,32,Kue Talam 
810,512,26,26,60.4,Kue Tambang 
811,247,2.9,4.2,49.5,Kue thipan
812,111,4.5,1.1,20.7,Kulit melinjo
813,22,0.4,0.2,4.7,Kundur segar
814,63,2,2.7,9.1,Kunyit
815,83,19.1,0.2,0,Kura-kura
816,515,30.6,42.1,13.8,Kwaci
817,242,19,17,3,Kwark (Quark)
818,17,0.6,0.2,3.8,Labu Air
819,51,1.7,0.5,10,Labu kuning segar
820,26,0.6,0.1,6.7,Labu Siam
821,32,1.1,0.1,6.6,Labu waluh segar
822,166.3,2.7,3.9,29.5,Laksa 
823,85,5.7,0.3,15.4,Lamtoro (pete cina) biji muda
824,148,10.6,0.5,26.2,Lamtoro biji tua
825,142,11,2.5,20.4,Lamtoro tempe
826,367,46.4,5.4,32.5,Lamtoro var. gung tanpa kulit
827,336,23.8,1.2,59.7,Lamtoro var. lokal dengan kulit
828,56,0.9,0.2,14.3,Langsat
829,34,2.2,0.3,5.5,Lantar segar
830,422,0.9,10.8,80.4,Lanting getuk
831,389,6.6,15.7,55.5,Lapis legit
832,174,17,10,3,Lawar babi masakan
833,141,23,1.5,7.6,Lawar penyu masakan
834,159,5,10.9,10.1,Lawara jangang masakan
835,207,7.4,15.4,9.6,Lawara penjah masakan
836,405,4.8,5.1,84.9,Ledre pisang
837,15,1,0.4,1.9,Lema/ Rebung asam
838,902,0,100,0,Lemak Babi
839,630,9.1,65,1.1,Lemak Babi (Bacon)
840,372,12,29.4,14.4,Lemak ikan
841,818,1.5,90,0,Lemak Kerbau
842,34,0.5,0.8,6.2,Lemon segar
843,36,0,0,10,Lemon Squasih
844,30,0,0,8,Lemonade
845,221.3,3.8,3.6,43.4,Lemper 
846,320,3.5,5.7,63.7,Lempog durian
847,181,2.8,1.2,39.8,Lepok/Ubi rumput
848,33,1.9,0.1,7.4,Leunca buah
849,240,7.8,0.5,51.3,Leupeut Ketan 
850,387,16,22,3,Leverwost (sosis hati)
851,79,2.3,5.2,5.8,Lilin bungkus gedi
852,19,0.9,0.1,4.2,Lobak
853,217,11,1.7,5.1,Lokan segar
854,27,0.4,0.2,6,Lontar segar
855,163.3,2.8,2.2,33,Lopis 
856,38,1.1,0.3,7.6,Lumai/Leunca segar
857,164,1.8,2.1,34.5,Lupis ketan
858,294,0.3,0,79.5,Madu
859,341,0.3,0,85,Maizena tepung
860,363,8.7,0.4,78.7,Makaroni
861,63,2.4,0.4,12.4,Mangga benggala segar
862,44,0.7,0.2,11.2,Mangga Gedong
863,63,0.5,0.2,16.7,Mangga Golek
864,46,0.4,0.2,11.9,Mangga Harum Manis
865,72,0.8,0.2,18.7,Mangga Indramayu
866,56,0.4,0.2,14.6,Mangga Kopek
867,86,0.7,0.5,19.8,Mangga kwini segar
868,133,1,0.1,32.1,Mangga manalagi segar
869,59,0.5,0.4,15.1,Mangga Muda
870,52,0.7,0,12.3,Mangga segar
871,63,0.6,0.6,15.6,Manggis
872,720,0.6,81,0.4,Margarin
873,144,3.5,1.2,29.8,Markisa segar
874,217,2.5,1,49.6,Markisa squash
875,104,1.2,0.5,23.7,Markisa squash BD
876,265.3,4.7,5.5,49.3,Martabak  manis
877,153,4.5,4.2,24.3,Martabak india
878,278,5.1,8.6,45,Martabak mesir
879,200,8.9,5.1,29.5,Martabak Telur 
880,369,2.1,7,74.1,Masekat
881,90,1.2,0.1,21.1,Matoa segar
882,276,0,0.1,71,Melase
883,66,5,0.7,13.3,Melinjo
884,37,0.6,0.4,7.8,Melon segar
885,322,55.8,2,22.7,Menjangan daging dendeng mentah
886,725,0.5,81.6,1.4,Mentega
887,65,1.7,0.2,16.1,Menteng
888,359,11.5,6.8,64.4,Merica
889,88,0.6,3.3,14,Mi basah
890,71,0.2,0.8,15.9,Mi golosor
891,339,10,1.7,6.3,Mi kering
892,113,3,3.2,18.1,Mie aceh rebus
893,102,6.2,3.9,10.5,Mie ayam
894,114,5.3,3,16.4,Mie bakso
895,86,0.6,3.3,14,Mie basah
896,353,0.3,0,88,Mie Bendo
897,102,3,2.1,17.8,Mie celon
898,468,7.6,20.4,62.4,Mie Goreng 
899,337,7.9,11.8,50,Mie kering
900,105,5.9,4.9,9.4,Mie pangsit basah
901,190,0.2,0.4,46.5,Mie Sagu
902,902,0,100,0,Minyak Hati Hiu (Eulamia)
903,902,0,100,0,Minyak Ikan
904,902,0,100,0,Minyak Kacang Tanah
905,883,0,99.9,0,Minyak kedelai
906,870,1,98,0,Minyak Kelapa
907,902,0,100,0,Minyak Kelapa Sawit
908,902,0,100,0,Minyak Wijen
909,884,0,100,0,Minyak Zaitun
910,345,8.5,2.2,78,Misoa
911,218,0.8,16,50.2,Misro 
912,128,8,10,1.3,Moon tahu
913,33,2.3,0.5,4.7,Mostarda metan -sawi
914,330,17.8,23.4,12.1,Mujahir acar kuning masakan
915,478,38.3,33.9,5.1,Naan maran sapi masakan
916,52,0.4,0.2,13.7,Nanas
917,58,0.7,0.2,13.3,Nanas palembang segar
918,165,4.2,0.1,36.7,Nangka biji
919,106,1.2,0.3,27.6,Nangka masak di pohon
920,51,2,0.4,11.3,Nangka Muda
921,180,3,0.3,39.8,Nasi
922,149,2.8,0.4,32.5,Nasi beras merah
923,192,3.8,8.8,24.4,Nasi gemuk
924,276,3.2,3.2,30.2,Nasi Goreng 
925,190,4.7,7.5,26,Nasi gurih
926,357,8.8,0.5,79.5,Nasi jagung
927,207,3.5,5,37.1,Nasi minyak
928,155,10.3,4.2,19.1,Nasi rames
929,120,2.4,0.4,26,Nasi tim
930,253.3,4.3,21,11.7,Nasi Uduk 
931,196,14.5,8.3,15.9,Nasu likku masakan
932,600,14,41.7,42,Noga Kacang Tanah 
933,387,5.3,7.6,74.3,Nopia spesial
934,9,2.1,6,7.1,Olah-olah
935,187,13,6,22.6,Oncom
936,376,14.9,6,65.7,Oncom ampas kacang hijau
937,363.3,19.3,19.3,40.3,Oncom Goreng 
938,284,12,14.4,13.6,Oncom Hitam Goreng 
939,306.7,9,18,27,Oncom Hitam Goreng bertepung 
940,351,11,5.3,65.9,Oncom kacang hijau + singkong
941,132,12.7,3.8,13.7,Oncom Kacang Tanah pepes
942,187,13,6,22.6,Oncom Kedele
943,368,6.8,32,13.2,Oncom Merah Goreng 
944,320,7.3,18.7,31,Oncom Merah Goreng bertepung 
945,40,2,2,3,Oncom Merah Sayur (tumis) 
946,76,5.2,1.8,10.6,Oncom pepes
947,288.6,8.3,8.9,44.3,Onde-onde 
948,115,1.5,6,14,Ongol-ongol 
949,111,0.3,2.7,21.2,Ongol-ongol sagu
950,940,36,42,104,Opak Singkong 
951,117,13.7,5,4.3,Oramu ninahu ndawa olaho masakan
952,125,10.4,8.6,0.8,Otak
953,351,0.9,0.9,84.9,Oyek
954,342,2.3,0.1,83.1,Oyek (dari singkong)
955,77,3.5,4.6,5.4,Paku hinela wulelenggapaya
956,494,7.5,36.4,40.1,Pala biji
957,42,0.3,0.2,10.9,Pala daging
958,460,28.5,35.2,7.2,Paniki masak santan masakan
959,133.8,3,1.6,27,Papais 
960,61,0.2,0.1,14.9,Papeda
961,87,10.5,2.5,5.5,Parede baleh masakan
962,29,1.1,0.3,6.6,Paria (Pare)
963,16,0.8,0.2,3.4,Paria Putih kukus
964,19,1,0.4,3.6,Paria putih segar
965,307,4.5,13.3,42.4,Pastel
966,362,0.5,0.3,86.9,Pati Singkong (tapioka)
967,23,1.8,0.3,4.5,Pe-Cay
968,156,28,4,0,Peda Ikan Banjar
969,75,2.5,2.8,10,Pelecing kangkung
970,219,19.7,13.6,4.4,Pelepah manuk masakan
971,162,4.9,3,27.8,pempek
972,156,4.2,1.4,31.6,Pempek belida
973,152,4.5,2.3,28.2,Pempek kapal selam
974,211,12.3,6.1,26.6,Pempek kelesan
975,243,5.2,7.3,39.1,Pempek kulit
976,173,7.2,1.2,33.4,Pempek tenggiri
977,372,7.8,36.3,3.5,Pencok lele masakan
978,174,13.1,12.2,2.2,Penyu serapah masakan
979,19,0.6,0.1,3.9,Pepare ular segar
980,275,11.6,11.6,30.2,Pepaya lodeh
981,26,2.1,0.1,4.9,Pepaya Muda
982,46,0.5,12,12.2,Pepaya segar
983,76,5.2,1.8,10.6,Pepea oncom ampas tahu
984,400,0,0,95,Permen 
985,142,10.4,2,22,Pete Segar
986,50,3.7,1,9,Peterseli
987,161,20,0.2,24,Petis Ikan
988,220,15,0.1,40,Petis Udang
989,345,23.8,1.4,59.3,Petis udang kering
990,220,15,0.9,38,Petis udang pasta
991,514,1,27.8,647,Pilus 
992,107,15.9,0.6,0.4,Pinda masakan
993,157,28,4.2,0,Pindang Ikan Banjar
994,170,31,4.2,0,Pindang Ikan Benggol
995,153,30,2.8,0,Pindang Ikan Layang
996,142,27,3,0,Pindang Ikan Selar Kecil
997,124,9.5,9.6,0,Pindang kenari masakan
998,99,1.2,0.2,25.8,Pisang Ambon
999,68,1.3,0.2,17.2,Pisang angleng (pisang ampyang) segar
1000,120,1.1,0.2,26.8,Pisang ayam segar
1001,127,2.1,0.3,31.1,Pisang gapi segar 
1002,220,2.3,2.3,6.3,Pisang Goreng 
1003,115,1.9,0.2,27.9,Pisang goroho segar
1004,117,2,0.3,28.9,Pisang hijau segar
1005,100,1.4,0.5,23.6,Pisang kayu segar
1006,109,0.8,0.5,26.3,Pisang kepok segar
1007,145,1.1,0.3,34.5,Pisang ketip segar
1008,96,1,0.2,22.5,Pisang kidang segar
1009,99,1.3,0.2,25.6,Pisang Lampung
1010,127,1.4,0.2,33.6,Pisang Mas
1011,127,1.4,0.2,31.8,Pisang mas bali
1012,134,1.1,0.5,35.5,Pisang Oli
1013,120,1.2,0.2,31.8,Pisang Raja
1014,118,1.2,0.2,31.1,Pisang Raja Sere (Susu)
1015,98,1.3,1.2,20.5,Pisang rotan segar
1016,625,1,0,8.1,Pisang Siam goreng
1017,113,1.2,0.2,26.7,Pisang talas segar
1018,45,2.2,0.3,10.3,Prey (bawang daun)
1019,33,4.5,0.4,2.8,Pucuk lumai/daun leunca segar
1020,216,2.6,3.1,44.4,Pulut
1021,224,26.2,11.3,4.4,Punai daging goreng
1022,104,1.9,4.1,15.1,Pundut nasi
1023,25,1.5,0.5,3.6,Purundawa
1024,76,4.1,1.1,15.2,Purut segar
1025,76,3.6,0.3,14.6,Putri malu segar
1026,163,2.2,6.5,23.8,Putri selat
1027,200,1,2.4,43.8,Putu Mayang 
1028,136,43,2.4,3,Ragi
1029,76,12.1,2,2.4,Rajungan segar
1030,69,0.9,0.1,18.1,Rambutan
1031,11,0,0,2.7,Rambutan Aceh
1032,76,0.5,0.2,18,Rambutan binjai segar
1033,4,0,0,0.9,Rambutan sinyonya
1034,295,7.3,8.5,47.5,Rarawuan 
1035,394,2.2,8.8,76.6,Rasbi (Beras Ubi)
1036,350,0.9,0.4,85.7,Rasi (Beras Singkong)
1037,60,5.4,2.5,4,Rawon masakan
1038,81,16.2,1.2,0.7,Rebon (udang kecil segar)
1039,299,29.4,3.6,3.2,Rebon kering
1040,81,16.2,1.2,0.7,Rebon udang kecil segar
1041,27,0.6,0.3,5.2,Rebung
1042,320,7.2,4.2,63.3,Rebung laut mentah
1043,451,11.2,20.2,59.7,Rempeyek kacang tolo
1044,497,17,27.6,50.8,Rempeyek kacang uci
1045,193,22.6,7.9,7.8,Rendang sapi masakan
1046,471,4.7,21.8,64.1,Renggi goreng
1047,75,1.6,0.6,15.8,Rimbang segar
1048,335,5.3,3.5,70.5,Risoles 
1049,341,5.5,16.2,43.3,Roti boong
1050,350,7.5,2,75.5,Roti Gambang 
1051,248,8,1.2,50,Roti Putih
1052,249,7.9,1.5,49.7,Roti warna sawo matang
1053,153,11.3,8.4,8,Rujak cingur
1054,41,1.4,0.3,8.1,Rumput laut
1055,536,40.5,41.5,0,Rusa daging dendeng mentah
1056,110,11.5,2,11.7,Rusip
1057,198,24.6,10.7,0.9,RW anjing masakan
1058,449,30.6,25.5,31.9,Saga biji tanpa kulit
1059,338,0.6,0.3,83.1,Sagu Ambon 
1060,355,0.6,1.1,85.6,Sagu aren kering
1061,231,0.6,0.2,56.6,Sagu aren segar
1062,291,0.5,4,63.4,Sagu forno
1063,230,0.6,0.2,56.5,Sagu kasbi segar
1064,452,2.8,14.8,76.8,Sagu Lemak (Kue Sagon)
1065,347,0.9,0.3,85.2,Sagu lempeng
1066,364,0.1,0.2,90.5,Sagu Rendang
1067,362,0.5,0.3,86.9,Sagu singkong kering
1068,354,0.8,8.3,68.9,Sagu sinole
1069,57,0.5,0.1,13.6,Salak bali segar
1070,55,0.4,0.2,12.8,Salak medan segar
1071,87,0.8,0.4,20.1,Salak pondoh segar
1072,281,2.4,0.7,66.1,Sale pisang siam
1073,122,2,10,7.6,Santan (dengan air)
1074,324,4.2,34.3,55.6,Santan (kelapa saja)
1075,324,4.2,34.3,5.6,Santan murni
1076,98,2,0.4,24.5,Saos Tomat
1077,212,18,10.6,59.3,Sapi abon
1078,108,17.6,4.2,0,Sapi babat segar
1079,182,32,6,0,Sapi daging asap
1080,301,55,9,0,Sapi daging dendeng mentah
1081,273,17.5,22,0,Sapi daging gemuk segar
1082,289,16,25,0,Sapi daging kornet
1083,174,19.6,10,0,Sapi daging kurus segar
1084,201,18.8,14,0,Sapi daging lemak sedang segar
1085,448,14.5,42.3,2.3,Sapi daging sosis (Worst)
1086,183,12,14.4,1.4,Sapi daleman segar
1087,98,21.9,1.1,0,Sapi dideh/darah
1088,137,15,8.1,0.9,Sapi ginjal segar
1089,274,16,22,3,Sapi hati sosis (liverworst)
1090,84,10.5,4.6,0.2,Sapi keleponan segar
1091,132,19.7,3.2,6,Sapi liver segar
1092,123,10.4,8.6,0.8,Sapi otak segar
1093,360,57.3,6,19.2,Sapi paru dendeng mentah
1094,268,23.9,12.7,14.5,Sapi paru goreng
1095,126,14,7.2,1.5,Sapi usus segar
1096,281,37.5,0.3,32.1,Sarang Burung
1097,338,21.1,27,1,Sardines dalam kaleng
1098,344,30,20,43,Sari Kedelai bubuk
1099,166,2.3,2.8,32.9,Sarimuka
1100,283,12.1,16.8,20.9,sate
1101,110,15.5,0.5,11.5,Sate Kulit 
1102,179,22.5,3.5,13.3,Sate penyu masakan
1103,274,12.9,18.6,13.6,Sate pusut masakan
1104,126.7,14,7.3,1.3,Sate Usus 
1105,22,2.3,0.3,4,Sawi
1106,9,1,0.1,1.7,Sawi putih / pecai segar
1107,30,1.9,0.5,4.4,Sawi taiwan segar
1108,19,1.3,0.2,2.9,Sawi tanah segar
1109,92,0.5,1.1,22.4,Sawo
1110,64,1,3.1,8,Sawo duren segar
1111,111,0.9,2.3,21.6,Sawo kecik segar
1112,92,0.5,1.1,22.4,Sawo Manila segar
1113,29,0.7,0.6,5,Sayur asem
1114,49,1.7,0.3,9.8,Sayur bunga pepaya
1115,178,2.6,13.9,10.6,Sayur garu
1116,133,7.3,6.6,11.2,Sayur kohu-kohu
1117,64,2.1,0.6,12.5,Sayur lebui
1118,36,2.7,0.7,4.8,Sayur lilin-terubuk
1119,49,3.1,2.5,3.6,Sayur ndusuk
1120,27,1.3,2,1,Sayur sop
1121,67,5.2,2.9,5.1,Sayur umbut kelapa
1122,57,5.4,2.6,3.1,Sayur umbut rotan
1123,15,1.2,0.2,2.9,Selada
1124,17,1.7,0.3,3,Selada Air
1125,19,2.7,0.2,2.9,Selada Air rebus
1126,20,1,0.1,4.6,Seledri
1127,28,0.5,0.2,6.9,Semangka
1128,192.5,4.5,6,30.3,Semur Jengkol 
1129,64,0.6,0.3,14.8,Sente
1130,353,0.7,0.2,84.7,Sente talas segar
1131,88,7.9,1.6,10.6,Sepi masakan
1132,298,8,23.8,48.9,Serbuk Coklat
1133,478,2.5,21.2,69.2,Serimping talas kebumen
1134,213,0,0,55,Setrup sirup
1135,88,3.2,8,0.8,Shabu-shabu
1136,474,11.2,42.5,11.7,Sie reuboh masakan
1137,81,5.1,4.5,5.1,Singkah (rotan muda)
1138,285,1,18,28,singkong goreng 
1139,146,1.2,0.3,34.7,Singkong kukus
1140,173,0.5,0.1,42.5,Singkong tape
1141,95.3,4.4,2.2,14.4,Siomay 
1142,65,1,0.3,16.3,Sirsak
1143,213,0,0,55,Sirup
1144,71,7.5,3.6,2.2,Sop buntut masakan
1145,49,5.8,0.5,5.3,Sop daging sapi masakan
1146,68,9,1.9,3.7,Sop kaki sapi masakan
1147,34,5.5,0.8,1.1,Sop kambing masakan
1148,71,7.4,2.6,4.5,Sop konro masakan
1149,12,0.5,0.1,2,Sop Kool
1150,15,0.6,0.1,3.1,Sop Kool dan Wortel
1151,89,7.2,5,3.9,Sop saudara masakan
1152,42,3.9,1.7,2.8,soto
1153,110,2.9,9.5,3.2,Soto banjar masakan
1154,135,2.5,8.8,11.5,Soto betawi masakan
1155,127.5,2.6,9.4,8.3,Soto dengan Daging
1156,92,11.8,4.3,1.4,Soto jeroan masakan
1157,38,2.6,2.3,1.8,Soto kudus masakan
1158,60,3.5,4.5,1.3,Soto madura masakan
1159,127,5.9,6.6,11,Soto padang masakan
1160,94,3,6.8,5.1,Soto pekalongan masakan
1161,75,3.6,5.2,3.5,Soto pemalang masakan
1162,80,3.2,3.5,9,Soto sukaraja masakan
1163,86,2.3,8.5,0,Soto sulung masakan
1164,117.1,0.4,8.6,9.6,Soto tanpa Daging 
1165,139,7.4,2.1,22.6,Spaghetti
1166,101,1.7,0.6,35.2,Srikaya
1167,75,5.6,0.4,12.2,Sukiyaki masakan
1168,119,1.4,0.2,28.1,Sukun muda segar
1169,126,1.6,0.2,24.5,Sukun tua segar
1170,418,19,9,65.5,Susu asam untuk bayi bubuk
1171,513,24.6,30,36.2,Susu bubuk
1172,64,4.3,2.3,6.6,Susu Kambing
1173,41,3.5,2.5,5,Susu Kedelai
1174,336,8.2,10,55,Susu Kental Manis
1175,138,7,7.9,9.9,Susu Kental Tak Manis
1176,160,6.3,12,7.1,Susu Kerbau
1177,61,3.2,3.5,4.3,Susu Sapi
1178,36,3.5,0.1,5.1,Susu Skim (tak berlemak)
1179,359,35.6,1,52,Susu skim bubuk
1180,36,3.5,0.1,5.1,Susu skim segar
1181,87,5.3,5.2,6.3,Susupan
1182,90,1.5,0.1,21.9,Suweg kukus
1183,69,1,0.1,15.7,Suweg mentah
1184,74,1.4,0.1,17.2,Suweg talas segar
1185,347,0.5,0.9,84.2,Suwir-suwir
1186,68,7.8,4.6,1.6,Tahu
1187,115,9.7,8.5,2.5,Tahu goreng
1188,328,12.6,19.9,24.6,Tahu telur
1189,148,13.8,8.5,4,Takwa
1190,120,1.5,0.3,28.2,Talas bogor kukus
1191,163,2.3,0.5,36.4,Talas pontianak segar
1192,115,1.8,0.5,25.9,Talas viqueque segar
1193,120,1.5,0.3,28.2,Tales kukus
1194,98,1.9,0.2,23.7,Tales mentah
1195,166,10.4,4.9,24.1,Taoco
1196,88,3.2,2.1,14,Taoge goreng
1197,76,9,2.6,6.4,Taoge kacang kedelai segar
1198,28,3,0.8,4,Taoge seduh
1199,34,3.7,1.2,4.3,Taoge segar
1200,104,12.9,6.8,1.2,Taokoa
1201,99,1.7,0.3,22.4,Tapai beras
1202,166,3.8,1,34.4,Tapai ketan hitam
1203,172,3,0.5,37.5,Tapai ketan putih
1204,169,1.4,0.3,40.2,Tapai singkong
1205,358,7.5,4.3,70.4,Tauco cap DAS cake
1206,277,9.1,4.7,49.6,Tauji cap singa
1207,25,4.6,0.4,3,Tebu Terubuk
1208,83,10.4,3.4,2.8,Tedong pallu basa masakan
1209,132,19.5,0.7,67.8,Teh
1210,300,28.3,4.8,53.6,Teh hijau daun kering
1211,299,24.1,3.5,59,Teh melati daun kering
1212,34,2,0.1,7.9,Tekokak
1213,294,8.3,1.7,72.6,Tekokak kering
1214,53,1.9,0.9,9.4,Tekwan
1215,162,12.8,11.5,0.7,Telur Ayam
1216,361,19.3,31.9,0.7,Telur Ayam bagian kuning
1217,50,10.8,0,0.8,Telur Ayam bagian putih
1218,383,15.1,32.9,8.3,Telur Ayam ceplok
1219,251,16.3,19.4,1.4,telur dadar
1220,179,13.6,13.3,4.4,Telur ayam kampung 
1221,386,17,35,0.8,Telur bebek bagian kuning segar
1222,54,11,0,0.8,Telur Bebek bagian putih
1223,54,11,0,0.8,Telur bebek bagian putih segar
1224,320,15.1,30.5,0.9,Telur Bebek ceplok
1225,301,20,23.7,0,Telur Bebek dadar
1226,187,10.9,12.4,7.9,Telur bebek tambak segar
1227,195,13.6,13.6,1.4,Telur Bebek telur asin
1228,116,10.7,7,1.6,Telur burung puyuh segar
1229,144,12,10.2,0,Telur Penyu
1230,425,31,28,10,Telur Terubuk
1231,119,4.4,3.5,18.3,Tempe bongkrek
1232,73,5.7,1.3,4.2,Tempe Gembus
1233,76,6.8,0.7,10.6,Tempe gembus yogya
1234,328,18.4,23.2,12.8,tempe goreng 
1235,139,12.5,0.8,21.9,Tempe kacang babi
1236,212,17.5,10,12.9,Tempe kacang belimbing
1237,143,12,5.5,11.4,Tempe kedelai + jagung
1238,350,24.5,26.6,10.4,Tempe kedelai murni goreng
1239,201,20.8,8.8,13.5,Tempe kedelai murni mentah
1240,141,10.2,1.3,23.2,Tempe koro benguk
1241,146,11.7,2.3,19.6,Tempe lamtoro var. gung dengan kulit
1242,131,18,0.8,13,Tempe lamtoro var. gung tanpa kulit
1243,150,14,7.7,9.1,Tempe pasar segar
1244,336,20,28,7.8,Tempe pasar goreng
1245,240,6,2.7,49.3,Tempe Sayur 
1246,110,1.7,1.3,21.9,Tempoya
1247,126,1.1,2.2,25.7,Tempuyak
1248,355,0.7,0.2,85.2,Tepung Arrowroot
1249,364,7,0.5,80,Tepung Beras
1250,353,7,0.5,80,Tepung beras mentah
1251,353,0.8,1.7,83.6,Tepung Ganyong
1252,363,1.1,0.5,88.2,Tepung Gaplek
1253,355,0.7,0.2,85.2,Tepung Garut (arrowroot)
1254,364,4.5,1,83.5,Tepung Hunkwee
1255,316,60.1,6.5,22.4,Tepung Ikan
1256,355,9.2,3.9,73.7,Tepung Jagung Kuning
1257,355,9.2,3.9,73.7,Tepung jagung putih
1258,388,19,7.5,61.2,Tepung Jalejo
1259,347,35.9,20.6,29.9,Tepung Kacang Kedelai
1260,347,0.3,0.1,85.6,Tepung Kentang
1261,350,1.2,0.6,85,Tepung Mocaf
1262,338,2.9,0.4,80.6,Tepung Pisang
1263,353,0.7,0.2,84.7,Tepung Sagu
1264,326,4,0.4,76.7,Tepung Sente
1265,363,1.1,0.5,88.2,Tepung singkong/ Tapioka
1266,353,2.9,0.5,84.4,Tepung Sukun
1267,509,24.6,30,36.2,Tepung Susu
1268,418,19,9,65.5,Tepung Susu Asam untuk bayi
1269,362,35.6,1,52,Tepung Susu Skim
1270,332,5.7,0.6,76.1,Tepung Tales Beneng
1271,365,8.9,1.3,77.3,Tepung Terigu
1272,354,2.8,0.6,84.4,Tepung Ubi Ungu
1273,155,22.3,2.9,9.9,Terasi
1274,191,33.1,3.6,6.6,Terasi dobo
1275,174,30,3.5,3.5,Terasi Merah
1276,174,30,3.5,5.6,Terasi merah
1277,365,23.7,22.3,17.5,Teri balado masakan
1278,462,39.1,32.4,3.5,Teripang dendeng mentah
1279,24,1.1,0.2,5.5,Terong
1280,285,4.3,25.7,9.5,Terong + Oncom makanan
1281,39,2.3,1.9,2,Terong Asam
1282,48,1.5,0.3,11.3,Terong Belanda
1283,45,1.9,0.8,7.5,Terong hintalo segar
1284,23,1.8,0.1,4.9,Terong kukus
1285,28,1.1,0.2,5.5,Terong segar
1286,52,2.1,1.1,8.6,Terung belanda segar
1287,52,1.1,0.4,11.2,Terung bengkulu segar
1288,25,2.1,0.1,5.3,Terung panjang
1289,23,1.8,0.1,4.9,Terung panjang kukus
1290,59,2.9,0.3,13.9,Tespong daun
1291,120,2.4,0.4,26,Tim (nasi tim)
1292,33,1.2,1.3,4.1,Tinira ninahu nggaluku
1293,516,17.7,49.5,0,Tinoransak masakan
1294,355,6.2,1.2,79.8,Tipa-tipa
1295,353,2.4,1.1,83.4,Tiwul  
1296,395,3.2,8.5,76.5,Tiwul Instan
1297,392,5.4,28.5,28.4,Toge -Tahu makanan
1298,93.6,4.4,1.8,15.1,Toge Goreng 
1299,23,2.9,0.2,4.1,Toge kacang ijo
1300,35,5,0.2,5.8,Toge kacang tunggak
1301,67,9,2.6,6.4,Toge kedelai
1302,28,3,0.8,4,Toge seduh
1303,20,1,0.2,3.5,Tomat air (juice) segar
1304,20,1,0.3,4.2,Tomat Masak
1305,24,1.3,0.5,4.7,Tomat merah segar
1306,24,2,0.7,3.3,Tomat muda segar
1307,189,11.3,15.7,0.6,Tumis bandeng
1308,48,1.4,4.2,2.6,Tumis bayam bersantan
1309,186,1.9,0.2,44.3,Ubi Cilembu
1310,160,3.7,1.3,55.3,Ubi Jalar Goreng 
1311,100,0.7,0.3,23.8,Ubi jalar kuning kukus
1312,119,0.5,0.4,25.1,Ubi jalar kuning segar
1313,83,1.5,0.2,18.8,Ubi jalar manis segar
1314,123,1.8,0.7,27.9,Ubi Jalar Merah
1315,151,1.6,0.3,35.4,Ubi jalar merah segar
1316,123,1.8,0.7,27.9,Ubi Jalar Putih
1317,114,1.4,9.6,25.6,Ubi Jalar Rebus
1318,184,1.4,0.3,22.5,Ubi Jalar Sayur
1319,108,0.5,0.4,25.6,Ubi jalar tinta/ kemayung
1320,165,0.9,0.2,39.8,Ubi jalar tinta/ kemayung kukus
1321,82,5.8,1.3,11.7,Uceng/ bunga melinjo segar
1322,56,11.4,0.6,1.2,Udang besar segar
1323,81,16.5,0.3,3,Udang galah segar
1324,295,62.4,2.3,1.8,Udang kering
1325,278,62.6,4.1,2.2,Udang kering mentah
1326,273,47.8,3.8,12.5,Udang papay mentah
1327,91,21,0.2,0.1,Udang segar
1328,380,11.9,30.3,14.9,Ulat sagu panggang
1329,241,5.8,21.6,5.8,Ulat sagu segar
1330,120,2.8,0.5,82.3,Umbi Uwi segar
1331,34,2.4,0.3,5.5,Umbut rotan
1332,130,14,7.2,1.5,Usus Sapi
1333,101,2,0.2,19.8,Uwi
1334,363,8.7,0.4,78.7,Vermicelli
1335,303,6.3,2.7,63.3,Wajit camilan
1336,45,0.8,0.9,8.1,Waluh balamak
1337,424,1.3,10.7,80.7,Widaran
1338,568,19.3,51.1,18.1,Wijen
1339,355,3.2,15.1,51.4,Wingko babat
1340,143,3.1,7.8,15,Woku ubi
1341,452,14.5,42.3,2.3,Worst (sosis daging)
1342,42,1.2,0.6,9.3,Wortel Segar
1343,37,1,0.6,8.3,Wortel kukus
1344,28,0.7,0.5,6.3,Wortel rebus
1345,254,3,1.1,58.1,Yangko
1346,52,3.3,2.5,4,Yoghurt